"conversation_id","created_at","favorite_count","full_text","id","is_pinned","is_quote_tweet","is_retweet","is_truncated","media/0/media_url","media/0/type","media/0/video_url","quote_count","quoted_tweet/#sort_index","quoted_tweet/conversation_id","quoted_tweet/created_at","quoted_tweet/favorite_count","quoted_tweet/full_text","quoted_tweet/id","quoted_tweet/is_pinned","quoted_tweet/is_quote_tweet","quoted_tweet/is_retweet","quoted_tweet/is_truncated","quoted_tweet/quote_count","quoted_tweet/reply_count","quoted_tweet/retweet_count","quoted_tweet/url","quoted_tweet/user/created_at","quoted_tweet/user/default_profile_image","quoted_tweet/user/description","quoted_tweet/user/fast_followers_count","quoted_tweet/user/favourites_count","quoted_tweet/user/followers_count","quoted_tweet/user/friends_count","quoted_tweet/user/has_custom_timelines","quoted_tweet/user/id_str","quoted_tweet/user/is_translator","quoted_tweet/user/listed_count","quoted_tweet/user/location","quoted_tweet/user/media_count","quoted_tweet/user/name","quoted_tweet/user/normal_followers_count","quoted_tweet/user/possibly_sensitive","quoted_tweet/user/profile_banner_url","quoted_tweet/user/profile_image_url_https","quoted_tweet/user/screen_name","quoted_tweet/user/statuses_count","quoted_tweet/user/translator_type","quoted_tweet/user/verified","reply_count","replying_to_tweet","retweet_count","startUrl","url","urls/0/display_url","urls/0/expanded_url","urls/0/url","user/created_at","user/default_profile_image","user/description","user/fast_followers_count","user/favourites_count","user/followers_count","user/friends_count","user/has_custom_timelines","user/id_str","user/is_translator","user/listed_count","user/location","user/media_count","user/name","user/normal_followers_count","user/possibly_sensitive","user/profile_banner_url","user/profile_image_url_https","user/screen_name","user/statuses_count","user/translator_type","user/verified","user_mentions/0/id_str","user_mentions/0/name","user_mentions/0/profile","user_mentions/0/screen_name","view_count"
"1519480761749016577","2022-04-28T00:56:58.000Z","4519149","Next I’m buying Coca-Cola to put the cocaine back in","1519480761749016577","false","false","false","false",,,,"167645",,,,,,,,,,,,,,,,,,,,,,,,,,,,,,,,,,,,,"184450",,"633644","https://twitter.com/elonmusk/with_replies","https://twitter.com/elonmusk/status/1519480761749016577",,,,"2009-06-02T20:12:29.000Z","false","","0","45748","176973312","556","true","44196397","false","149046","","2081","Elon Musk","176973312","false","https://pbs.twimg.com/profile_banners/44196397/1690621312","https://pbs.twimg.com/profile_images/1683325380441128960/yRsRRjGO_normal.jpg","elonmusk","40099","none","true",,,,,
"1518623997054918657","2022-04-25T16:12:30.000Z","3054758","I hope that even my worst critics remain on Twitter, because that is what free speech means","1518623997054918657","false","false","false","false",,,,"68796",,,,,,,,,,,,,,,,,,,,,,,,,,,,,,,,,,,,,"170974",,"343664","https://twitter.com/elonmusk/with_replies","https://twitter.com/elonmusk/status/1518623997054918657",,,,"2009-06-02T20:12:29.000Z","false","","0","45748","176973312","556","true","44196397","false","149046","","2081","Elon Musk","176973312","false","https://pbs.twimg.com/profile_banners/44196397/1690621312","https://pbs.twimg.com/profile_images/1683325380441128960/yRsRRjGO_normal.jpg","elonmusk","40099","none","true",,,,,
"1519495072802390016","2022-04-28T01:53:50.000Z","2499261","Let’s make Twitter maximum fun!","1519495072802390016","false","false","false","false",,,,"33683",,,,,,,,,,,,,,,,,,,,,,,,,,,,,,,,,,,,,"108713",,"180153","https://twitter.com/elonmusk/with_replies","https://twitter.com/elonmusk/status/1519495072802390016",,,,"2009-06-02T20:12:29.000Z","false","","0","45748","176973312","556","true","44196397","false","149046","","2081","Elon Musk","176973312","false","https://pbs.twimg.com/profile_banners/44196397/1690621312","https://pbs.twimg.com/profile_images/1683325380441128960/yRsRRjGO_normal.jpg","elonmusk","40099","none","true",,,,,
"1518677066325053441","2022-04-25T19:43:22.000Z","2466722","🚀💫♥️ Yesss!!! ♥️💫🚀 https://t.co/0T9HzUHuh6","1518677066325053441","false","false","false","false","https://pbs.twimg.com/media/FRNsuSFWUAUW6aP.jpg","photo",,"59783",,,,,,,,,,,,,,,,,,,,,,,,,,,,,,,,,,,,,"142860",,"323845","https://twitter.com/elonmusk/with_replies","https://twitter.com/elonmusk/status/1518677066325053441",,,,"2009-06-02T20:12:29.000Z","false","","0","45748","176973312","556","true","44196397","false","149046","","2081","Elon Musk","176973312","false","https://pbs.twimg.com/profile_banners/44196397/1690621312","https://pbs.twimg.com/profile_images/1683325380441128960/yRsRRjGO_normal.jpg","elonmusk","40099","none","true",,,,,
"1519495982723084290","2022-04-28T01:57:27.000Z","2429989","Listen, I can’t do miracles ok https://t.co/z7dvLMUXy8","1519495982723084290","false","false","false","false","https://pbs.twimg.com/media/FRZViwWX0AMsqQ1.jpg","photo",,"24861",,,,,,,,,,,,,,,,,,,,,,,,,,,,,,,,,,,,,"73745",,"197573","https://twitter.com/elonmusk/with_replies","https://twitter.com/elonmusk/status/1519495982723084290",,,,"2009-06-02T20:12:29.000Z","false","","0","45748","176973312","556","true","44196397","false","149046","","2081","Elon Musk","176973312","false","https://pbs.twimg.com/profile_banners/44196397/1690621312","https://pbs.twimg.com/profile_images/1683325380441128960/yRsRRjGO_normal.jpg","elonmusk","40099","none","true",,,,,
"1585841080431321088","2022-10-28T03:49:11.000Z","2334051","the bird is freed","1585841080431321088","false","false","false","false",,,,"51550",,,,,,,,,,,,,,,,,,,,,,,,,,,,,,,,,,,,,"136403",,"322978","https://twitter.com/elonmusk/with_replies","https://twitter.com/elonmusk/status/1585841080431321088",,,,"2009-06-02T20:12:29.000Z","false","","0","45748","176973312","556","true","44196397","false","149046","","2081","Elon Musk","176973312","false","https://pbs.twimg.com/profile_banners/44196397/1690621312","https://pbs.twimg.com/profile_images/1683325380441128960/yRsRRjGO_normal.jpg","elonmusk","40099","none","true",,,,,
"1586104694421659648","2022-10-28T21:16:42.000Z","2229597","Comedy is now legal on Twitter","1586104694421659648","false","false","false","false",,,,"38205",,,,,,,,,,,,,,,,,,,,,,,,,,,,,,,,,,,,,"85683",,"230073","https://twitter.com/elonmusk/with_replies","https://twitter.com/elonmusk/status/1586104694421659648",,,,"2009-06-02T20:12:29.000Z","false","","0","45748","176973312","556","true","44196397","false","149046","","2081","Elon Musk","176973312","false","https://pbs.twimg.com/profile_banners/44196397/1690621312","https://pbs.twimg.com/profile_images/1683325380441128960/yRsRRjGO_normal.jpg","elonmusk","40099","none","true",,,,,
"1593459801966538755","2022-11-18T04:23:16.000Z","1984168","https://t.co/rbwbsLA1ZG","1593459801966538755","false","false","false","false","https://pbs.twimg.com/media/Fh0bPd7VQAAU31D.jpg","photo",,"158212",,,,,,,,,,,,,,,,,,,,,,,,,,,,,,,,,,,,,"65899",,"212508","https://twitter.com/elonmusk/with_replies","https://twitter.com/elonmusk/status/1593459801966538755",,,,"2009-06-02T20:12:29.000Z","false","","0","45748","176973312","556","true","44196397","false","149046","","2081","Elon Musk","176973312","false","https://pbs.twimg.com/profile_banners/44196397/1690621312","https://pbs.twimg.com/profile_images/1683325380441128960/yRsRRjGO_normal.jpg","elonmusk","40099","none","true",,,,,
"1523465632502906880","2022-05-09T00:51:26.000Z","1784888","If I die under mysterious circumstances, it’s been nice knowin ya","1523465632502906880","false","false","false","false",,,,"39187",,,,,,,,,,,,,,,,,,,,,,,,,,,,,,,,,,,,,"140780",,"161981","https://twitter.com/elonmusk/with_replies","https://twitter.com/elonmusk/status/1523465632502906880",,,,"2009-06-02T20:12:29.000Z","false","","0","45748","176973312","556","true","44196397","false","149046","","2081","Elon Musk","176973312","false","https://pbs.twimg.com/profile_banners/44196397/1690621312","https://pbs.twimg.com/profile_images/1683325380441128960/yRsRRjGO_normal.jpg","elonmusk","40099","none","true",,,,,
"1587894226695884800","2022-11-02T19:47:39.000Z","1756616","https://t.co/kGncG7Hs3M","1587894226695884800","false","false","false","false","https://pbs.twimg.com/media/FglVYVmXkAIWB5w.jpg","photo",,"61144",,,,,,,,,,,,,,,,,,,,,,,,,,,,,,,,,,,,,"69924",,"162276","https://twitter.com/elonmusk/with_replies","https://twitter.com/elonmusk/status/1587894226695884800",,,,"2009-06-02T20:12:29.000Z","false","","0","45748","176973312","556","true","44196397","false","149046","","2081","Elon Musk","176973312","false","https://pbs.twimg.com/profile_banners/44196397/1690621312","https://pbs.twimg.com/profile_images/1683325380441128960/yRsRRjGO_normal.jpg","elonmusk","40099","none","true",,,,,
"1685096284275802112","2023-07-29T01:13:56.000Z","1615048","https://t.co/XEydRiST9D","1685096284275802112","false","false","false","false","https://pbs.twimg.com/media/F2KqI_ZXUAAGRCD.jpg","photo",,"63432",,,,,,,,,,,,,,,,,,,,,,,,,,,,,,,,,,,,,"124008",,"95000","https://twitter.com/elonmusk/with_replies","https://twitter.com/elonmusk/status/1685096284275802112",,,,"2009-06-02T20:12:29.000Z","false","","0","45748","176973312","556","true","44196397","false","149046","","2081","Elon Musk","176973312","false","https://pbs.twimg.com/profile_banners/44196397/1690621312","https://pbs.twimg.com/profile_images/1683325380441128960/yRsRRjGO_normal.jpg","elonmusk","40099","none","true",,,,,"156906889"
"1519020176884305920","2022-04-26T18:26:46.000Z","1560801","The extreme antibody reaction from those who fear free speech says it all","1519020176884305920","false","false","false","false",,,,"17367",,,,,,,,,,,,,,,,,,,,,,,,,,,,,,,,,,,,,"74848",,"179099","https://twitter.com/elonmusk/with_replies","https://twitter.com/elonmusk/status/1519020176884305920",,,,"2009-06-02T20:12:29.000Z","false","","0","45748","176973312","556","true","44196397","false","149046","","2081","Elon Musk","176973312","false","https://pbs.twimg.com/profile_banners/44196397/1690621312","https://pbs.twimg.com/profile_images/1683325380441128960/yRsRRjGO_normal.jpg","elonmusk","40099","none","true",,,,,
"1706586107335311542","2023-09-26T08:26:49.000Z","1559540","https://t.co/N9i79HllZv","1706586107335311542","false","false","false","false","https://pbs.twimg.com/media/F68DAMAWIAAtA9Q.jpg","photo",,"22389",,,,,,,,,,,,,,,,,,,,,,,,,,,,,,,,,,,,,"40992",,"120081","https://twitter.com/elonmusk/with_replies","https://twitter.com/elonmusk/status/1706586107335311542",,,,"2009-06-02T20:12:29.000Z","false","","0","45748","176973312","556","true","44196397","false","149046","","2081","Elon Musk","176973312","false","https://pbs.twimg.com/profile_banners/44196397/1690621312","https://pbs.twimg.com/profile_images/1683325380441128960/yRsRRjGO_normal.jpg","elonmusk","40099","none","true",,,,,"127635129"
"1670234980776132608","2023-06-18T01:00:25.000Z","1507810","Oh hi lol https://t.co/pLxkLDu0Qs","1670234980776132608","false","false","false","false","https://pbs.twimg.com/media/Fy3d3Q4XsAAPSAN.jpg","photo",,"9700",,,,,,,,,,,,,,,,,,,,,,,,,,,,,,,,,,,,,"54986",,"120343","https://twitter.com/elonmusk/with_replies","https://twitter.com/elonmusk/status/1670234980776132608",,,,"2009-06-02T20:12:29.000Z","false","","0","45748","176973312","556","true","44196397","false","149046","","2081","Elon Musk","176973312","false","https://pbs.twimg.com/profile_banners/44196397/1690621312","https://pbs.twimg.com/profile_images/1683325380441128960/yRsRRjGO_normal.jpg","elonmusk","40099","none","true",,,,,"81551674"
"1765047740327702665","2024-03-05T16:12:28.000Z","1544620","If you’re reading this post, it’s because our servers are working","1765047740327702665","false","false","false","false",,,,"35024",,,,,,,,,,,,,,,,,,,,,,,,,,,,,,,,,,,,,"59973",,"136180","https://twitter.com/elonmusk/with_replies","https://twitter.com/elonmusk/status/1765047740327702665",,,,"2009-06-02T20:12:29.000Z","false","","0","45748","176973312","556","true","44196397","false","149046","","2081","Elon Musk","176973312","false","https://pbs.twimg.com/profile_banners/44196397/1690621312","https://pbs.twimg.com/profile_images/1683325380441128960/yRsRRjGO_normal.jpg","elonmusk","40099","none","true",,,,,"102061435"
"1479236333516165121","2022-01-06T23:39:59.000Z","884816","Starlinks with “lasers” deployed to orbit https://t.co/Y1eg9gl7sJ","1479236333516165121","false","false","false","false","https://pbs.twimg.com/media/FIdNmXtVkAEF0Ss.jpg","photo",,"1221",,,,,,,,,,,,,,,,,,,,,,,,,,,,,,,,,,,,,"11910",,"9690","https://twitter.com/elonmusk/with_replies","https://twitter.com/elonmusk/status/1479236333516165121",,,,"2009-06-02T20:12:29.000Z","false","","0","45748","176973312","556","true","44196397","false","149046","","2081","Elon Musk","176973312","false","https://pbs.twimg.com/profile_banners/44196397/1690621312","https://pbs.twimg.com/profile_images/1683325380441128960/yRsRRjGO_normal.jpg","elonmusk","40099","none","true",,,,,
"1519735033950470144","2022-04-28T17:47:22.000Z","1477810","https://t.co/Q9OjlJhi7f","1519735033950470144","false","false","false","false","https://pbs.twimg.com/media/FRcu9TeXEAMjvTM.jpg","photo",,"42157",,,,,,,,,,,,,,,,,,,,,,,,,,,,,,,,,,,,,"86459",,"195836","https://twitter.com/elonmusk/with_replies","https://twitter.com/elonmusk/status/1519735033950470144",,,,"2009-06-02T20:12:29.000Z","false","","0","45748","176973312","556","true","44196397","false","149046","","2081","Elon Musk","176973312","false","https://pbs.twimg.com/profile_banners/44196397/1690621312","https://pbs.twimg.com/profile_images/1683325380441128960/yRsRRjGO_normal.jpg","elonmusk","40099","none","true",,,,,
"1519415674111672325","2022-04-27T20:38:20.000Z","1464969","For Twitter to deserve public trust, it must be politically neutral, which effectively means upsetting the far right and the far left equally","1519415674111672325","false","false","false","false",,,,"27472",,,,,,,,,,,,,,,,,,,,,,,,,,,,,,,,,,,,,"75393",,"134207","https://twitter.com/elonmusk/with_replies","https://twitter.com/elonmusk/status/1519415674111672325",,,,"2009-06-02T20:12:29.000Z","false","","0","45748","176973312","556","true","44196397","false","149046","","2081","Elon Musk","176973312","false","https://pbs.twimg.com/profile_banners/44196397/1690621312","https://pbs.twimg.com/profile_images/1683325380441128960/yRsRRjGO_normal.jpg","elonmusk","40099","none","true",,,,,
"1236029449042198528","2020-03-06T20:42:39.000Z","1430879","The coronavirus panic is dumb","1236029449042198528","false","false","false","false",,,,"37055",,,,,,,,,,,,,,,,,,,,,,,,,,,,,,,,,,,,,"38189",,"262110","https://twitter.com/elonmusk/with_replies","https://twitter.com/elonmusk/status/1236029449042198528",,,,"2009-06-02T20:12:29.000Z","false","","0","45748","176973312","556","true","44196397","false","149046","","2081","Elon Musk","176973312","false","https://pbs.twimg.com/profile_banners/44196397/1690621312","https://pbs.twimg.com/profile_images/1683325380441128960/yRsRRjGO_normal.jpg","elonmusk","40099","none","true",,,,,
"1765048551023734801","2024-03-05T16:15:42.000Z","1474491","https://t.co/VTOACNfb3E","1765048551023734801","false","false","false","false","https://pbs.twimg.com/media/GH62TXvXAAMzE6w.jpg","photo",,"19309",,,,,,,,,,,,,,,,,,,,,,,,,,,,,,,,,,,,,"35955",,"160222","https://twitter.com/elonmusk/with_replies","https://twitter.com/elonmusk/status/1765048551023734801",,,,"2009-06-02T20:12:29.000Z","false","","0","45748","176973312","556","true","44196397","false","149046","","2081","Elon Musk","176973312","false","https://pbs.twimg.com/profile_banners/44196397/1690621312","https://pbs.twimg.com/profile_images/1683325380441128960/yRsRRjGO_normal.jpg","elonmusk","40099","none","true",,,,,"125322831"
"1625368108461613057","2023-02-14T05:35:29.000Z","1397483","https://t.co/iZUukCVrl5","1625368108461613057","false","false","false","false","https://pbs.twimg.com/media/Fo53ramacAAigCq.jpg","photo",,"19399",,,,,,,,,,,,,,,,,,,,,,,,,,,,,,,,,,,,,"44687",,"77814","https://twitter.com/elonmusk/with_replies","https://twitter.com/elonmusk/status/1625368108461613057",,,,"2009-06-02T20:12:29.000Z","false","","0","45748","176973312","556","true","44196397","false","149046","","2081","Elon Musk","176973312","false","https://pbs.twimg.com/profile_banners/44196397/1690621312","https://pbs.twimg.com/profile_images/1683325380441128960/yRsRRjGO_normal.jpg","elonmusk","40099","none","true",,,,,"178267236"
"1519469891455234048","2022-04-28T00:13:47.000Z","1378386","Twitter DMs should have end to end encryption like Signal, so no one can spy on or hack your messages","1519469891455234048","false","false","false","false",,,,"16180",,,,,,,,,,,,,,,,,,,,,,,,,,,,,,,,,,,,,"39891",,"99503","https://twitter.com/elonmusk/with_replies","https://twitter.com/elonmusk/status/1519469891455234048",,,,"2009-06-02T20:12:29.000Z","false","","0","45748","176973312","556","true","44196397","false","149046","","2081","Elon Musk","176973312","false","https://pbs.twimg.com/profile_banners/44196397/1690621312","https://pbs.twimg.com/profile_images/1683325380441128960/yRsRRjGO_normal.jpg","elonmusk","40099","none","true",,,,,
"1594191387519373313","2022-11-20T04:50:20.000Z","1350012","Twitter is ALIVE","1594191387519373313","false","false","false","false",,,,"20744",,,,,,,,,,,,,,,,,,,,,,,,,,,,,,,,,,,,,"84205",,"103212","https://twitter.com/elonmusk/with_replies","https://twitter.com/elonmusk/status/1594191387519373313",,,,"2009-06-02T20:12:29.000Z","false","","0","45748","176973312","556","true","44196397","false","149046","","2081","Elon Musk","176973312","false","https://pbs.twimg.com/profile_banners/44196397/1690621312","https://pbs.twimg.com/profile_images/1683325380441128960/yRsRRjGO_normal.jpg","elonmusk","40099","none","true",,,,,
"1517707521343082496","2022-04-23T03:30:45.000Z","1328893","in case u need to lose a boner fast https://t.co/fcHiaXKCJi","1517707521343082496","false","false","false","false","https://pbs.twimg.com/media/FQ_68lnWQAIuYMM.jpg","photo",,"29630",,,,,,,,,,,,,,,,,,,,,,,,,,,,,,,,,,,,,"67354",,"125077","https://twitter.com/elonmusk/with_replies","https://twitter.com/elonmusk/status/1517707521343082496",,,,"2009-06-02T20:12:29.000Z","false","","0","45748","176973312","556","true","44196397","false","149046","","2081","Elon Musk","176973312","false","https://pbs.twimg.com/profile_banners/44196397/1690621312","https://pbs.twimg.com/profile_images/1683325380441128960/yRsRRjGO_normal.jpg","elonmusk","40099","none","true",,,,,
"1531647849599057921","2022-05-31T14:44:38.000Z","1320418","https://t.co/G83vCrHHJf","1531647849599057921","false","false","false","false","https://pbs.twimg.com/media/FUGBmevWYAM-V_M.jpg","photo",,"21035",,,,,,,,,,,,,,,,,,,,,,,,,,,,,,,,,,,,,"43476",,"124488","https://twitter.com/elonmusk/with_replies","https://twitter.com/elonmusk/status/1531647849599057921",,,,"2009-06-02T20:12:29.000Z","false","","0","45748","176973312","556","true","44196397","false","149046","","2081","Elon Musk","176973312","false","https://pbs.twimg.com/profile_banners/44196397/1690621312","https://pbs.twimg.com/profile_images/1683325380441128960/yRsRRjGO_normal.jpg","elonmusk","40099","none","true",,,,,
"1667289678612156416","2023-06-09T21:56:50.000Z","1346305","https://t.co/g9gS4MUIVL","1667289678612156416","false","false","false","false","https://pbs.twimg.com/media/FyNnICoaUAEE9Xv.jpg","photo",,"13417",,,,,,,,,,,,,,,,,,,,,,,,,,,,,,,,,,,,,"35610",,"170889","https://twitter.com/elonmusk/with_replies","https://twitter.com/elonmusk/status/1667289678612156416",,,,"2009-06-02T20:12:29.000Z","false","","0","45748","176973312","556","true","44196397","false","149046","","2081","Elon Musk","176973312","false","https://pbs.twimg.com/profile_banners/44196397/1690621312","https://pbs.twimg.com/profile_images/1683325380441128960/yRsRRjGO_normal.jpg","elonmusk","40099","none","true",,,,,"88906891"
"1585341984679469056","2022-10-26T18:45:58.000Z","1306916","Entering Twitter HQ – let that sink in! https://t.co/D68z4K2wq7","1585341984679469056","false","false","false","false","https://pbs.twimg.com/ext_tw_video_thumb/1585341912877146112/pu/img/DwJ7wlGIe9iryk6N.jpg","video","https://video.twimg.com/ext_tw_video/1585341912877146112/pu/vid/1920x1080/aeoVUvTgj4wHShhN.mp4?tag=14","41424",,,,,,,,,,,,,,,,,,,,,,,,,,,,,,,,,,,,,"64400",,"168280","https://twitter.com/elonmusk/with_replies","https://twitter.com/elonmusk/status/1585341984679469056",,,,"2009-06-02T20:12:29.000Z","false","","0","45748","176973312","556","true","44196397","false","149046","","2081","Elon Musk","176973312","false","https://pbs.twimg.com/profile_banners/44196397/1690621312","https://pbs.twimg.com/profile_images/1683325380441128960/yRsRRjGO_normal.jpg","elonmusk","40099","none","true",,,,,
"1588750686006947840","2022-11-05T04:30:55.000Z","1273932","Trash me all day, but it’ll cost $8","1588750686006947840","false","false","false","false",,,,"27437",,,,,,,,,,,,,,,,,,,,,,,,,,,,,,,,,,,,,"101317",,"86749","https://twitter.com/elonmusk/with_replies","https://twitter.com/elonmusk/status/1588750686006947840",,,,"2009-06-02T20:12:29.000Z","false","","0","45748","176973312","556","true","44196397","false","149046","","2081","Elon Musk","176973312","false","https://pbs.twimg.com/profile_banners/44196397/1690621312","https://pbs.twimg.com/profile_images/1683325380441128960/yRsRRjGO_normal.jpg","elonmusk","40099","none","true",,,,,
"1521202951230046210","2022-05-02T19:00:20.000Z","1250992","As I was saying … https://t.co/tsGz6fCWuW","1521202951230046210","false","false","false","false","https://pbs.twimg.com/media/FRxmBNeXwAMVTOg.jpg","photo",,"9371",,,,,,,,,,,,,,,,,,,,,,,,,,,,,,,,,,,,,"51684",,"95054","https://twitter.com/elonmusk/with_replies","https://twitter.com/elonmusk/status/1521202951230046210",,,,"2009-06-02T20:12:29.000Z","false","","0","45748","176973312","556","true","44196397","false","149046","","2081","Elon Musk","176973312","false","https://pbs.twimg.com/profile_banners/44196397/1690621312","https://pbs.twimg.com/profile_images/1683325380441128960/yRsRRjGO_normal.jpg","elonmusk","40099","none","true",,,,,
"1590755506112823296","2022-11-10T17:17:22.000Z","1243170","I love when people complain about Twitter … on Twitter 🤣🤣","1590755506112823296","false","false","false","false",,,,"27111",,,,,,,,,,,,,,,,,,,,,,,,,,,,,,,,,,,,,"76193",,"99169","https://twitter.com/elonmusk/with_replies","https://twitter.com/elonmusk/status/1590755506112823296",,,,"2009-06-02T20:12:29.000Z","false","","0","45748","176973312","556","true","44196397","false","149046","","2081","Elon Musk","176973312","false","https://pbs.twimg.com/profile_banners/44196397/1690621312","https://pbs.twimg.com/profile_images/1683325380441128960/yRsRRjGO_normal.jpg","elonmusk","40099","none","true",,,,,
"1708923551607099569","2023-10-02T19:14:59.000Z","1230880","https://t.co/NEX0wrScDo","1708923551607099569","false","false","false","false","https://pbs.twimg.com/media/F7dQ6c4WQAABqfJ.jpg","photo",,"6509",,,,,,,,,,,,,,,,,,,,,,,,,,,,,,,,,,,,,"23753",,"77196","https://twitter.com/elonmusk/with_replies","https://twitter.com/elonmusk/status/1708923551607099569",,,,"2009-06-02T20:12:29.000Z","false","","0","45748","176973312","556","true","44196397","false","149046","","2081","Elon Musk","176973312","false","https://pbs.twimg.com/profile_banners/44196397/1690621312","https://pbs.twimg.com/profile_images/1683325380441128960/yRsRRjGO_normal.jpg","elonmusk","40099","none","true",,,,,"74436494"
"1601894132573605888","2022-12-11T10:58:17.000Z","1215575","My pronouns are Prosecute/Fauci","1601894132573605888","false","false","false","false",,,,"33469",,,,,,,,,,,,,,,,,,,,,,,,,,,,,,,,,,,,,"106827",,"179428","https://twitter.com/elonmusk/with_replies","https://twitter.com/elonmusk/status/1601894132573605888",,,,"2009-06-02T20:12:29.000Z","false","","0","45748","176973312","556","true","44196397","false","149046","","2081","Elon Musk","176973312","false","https://pbs.twimg.com/profile_banners/44196397/1690621312","https://pbs.twimg.com/profile_images/1683325380441128960/yRsRRjGO_normal.jpg","elonmusk","40099","none","true",,,,,
"1625695877326340102","2023-02-15T03:17:55.000Z","1213510","The new CEO of Twitter is amazing https://t.co/yBqWFUDIQH","1625695877326340102","false","false","false","false","https://pbs.twimg.com/media/Fo-hx39aIAABMKW.jpg","photo",,"13572",,,,,,,,,,,,,,,,,,,,,,,,,,,,,,,,,,,,,"41618",,"85455","https://twitter.com/elonmusk/with_replies","https://twitter.com/elonmusk/status/1625695877326340102",,,,"2009-06-02T20:12:29.000Z","false","","0","45748","176973312","556","true","44196397","false","149046","","2081","Elon Musk","176973312","false","https://pbs.twimg.com/profile_banners/44196397/1690621312","https://pbs.twimg.com/profile_images/1683325380441128960/yRsRRjGO_normal.jpg","elonmusk","40099","none","true",,,,,"140811463"
"1710167681477796046","2023-10-06T05:38:43.000Z","1209447","https://t.co/0FjhdS9Zmw","1710167681477796046","false","false","false","false","https://pbs.twimg.com/media/F7u8cXhWYAAC29B.jpg","photo",,"7681",,,,,,,,,,,,,,,,,,,,,,,,,,,,,,,,,,,,,"19853",,"108105","https://twitter.com/elonmusk/with_replies","https://twitter.com/elonmusk/status/1710167681477796046",,,,"2009-06-02T20:12:29.000Z","false","","0","45748","176973312","556","true","44196397","false","149046","","2081","Elon Musk","176973312","false","https://pbs.twimg.com/profile_banners/44196397/1690621312","https://pbs.twimg.com/profile_images/1683325380441128960/yRsRRjGO_normal.jpg","elonmusk","40099","none","true",,,,,"108769070"
"1601624795585486848","2022-12-10T17:08:02.000Z","1193995","🇲🇦🇲🇦 Congrats Morocco!! 🇲🇦🇲🇦","1601624795585486848","false","false","false","false",,,,"12405",,,,,,,,,,,,,,,,,,,,,,,,,,,,,,,,,,,,,"31968",,"128694","https://twitter.com/elonmusk/with_replies","https://twitter.com/elonmusk/status/1601624795585486848",,,,"2009-06-02T20:12:29.000Z","false","","0","45748","176973312","556","true","44196397","false","149046","","2081","Elon Musk","176973312","false","https://pbs.twimg.com/profile_banners/44196397/1690621312","https://pbs.twimg.com/profile_images/1683325380441128960/yRsRRjGO_normal.jpg","elonmusk","40099","none","true",,,,,
"1607997591870124032","2022-12-28T07:11:15.000Z","1164052","I’m not brainwashed!! https://t.co/4kx61uu4yy","1607997591870124032","false","false","false","false","https://pbs.twimg.com/media/FlDBSYAXgAAlX8i.jpg","photo",,"37620",,,,,,,,,,,,,,,,,,,,,,,,,,,,,,,,,,,,,"69050",,"147955","https://twitter.com/elonmusk/with_replies","https://twitter.com/elonmusk/status/1607997591870124032",,,,"2009-06-02T20:12:29.000Z","false","","0","45748","176973312","556","true","44196397","false","149046","","2081","Elon Musk","176973312","false","https://pbs.twimg.com/profile_banners/44196397/1690621312","https://pbs.twimg.com/profile_images/1683325380441128960/yRsRRjGO_normal.jpg","elonmusk","40099","none","true",,,,,"130919830"
"1530380264966434823","2022-05-28T02:47:42.000Z","1126231","https://t.co/USLO967YsJ","1530380264966434823","false","false","false","false","https://pbs.twimg.com/media/FT0AuTZWAAEgQHU.jpg","photo",,"8171",,,,,,,,,,,,,,,,,,,,,,,,,,,,,,,,,,,,,"34708",,"90742","https://twitter.com/elonmusk/with_replies","https://twitter.com/elonmusk/status/1530380264966434823",,,,"2009-06-02T20:12:29.000Z","false","","0","45748","176973312","556","true","44196397","false","149046","","2081","Elon Musk","176973312","false","https://pbs.twimg.com/profile_banners/44196397/1690621312","https://pbs.twimg.com/profile_images/1683325380441128960/yRsRRjGO_normal.jpg","elonmusk","40099","none","true",,,,,
"1688485935816581120","2023-08-07T09:43:12.000Z","1144263","https://t.co/hDSTKPdQnG","1688485935816581120","false","false","false","false","https://pbs.twimg.com/media/F261AH-WUAAuyrT.jpg","photo",,"4578",,,,,,,,,,,,,,,,,,,,,,,,,,,,,,,,,,,,,"28439",,"62827","https://twitter.com/elonmusk/with_replies","https://twitter.com/elonmusk/status/1688485935816581120",,,,"2009-06-02T20:12:29.000Z","false","","0","45748","176973312","556","true","44196397","false","149046","","2081","Elon Musk","176973312","false","https://pbs.twimg.com/profile_banners/44196397/1690621312","https://pbs.twimg.com/profile_images/1683325380441128960/yRsRRjGO_normal.jpg","elonmusk","40099","none","true",,,,,"68525527"
"1514720245113577473","2022-04-14T21:40:23.000Z","1118290","i♥️u","1514720245113577473","false","false","false","false",,,,"15222",,,,,,,,,,,,,,,,,,,,,,,,,,,,,,,,,,,,,"83110",,"77227","https://twitter.com/elonmusk/with_replies","https://twitter.com/elonmusk/status/1514720245113577473",,,,"2009-06-02T20:12:29.000Z","false","","0","45748","176973312","556","true","44196397","false","149046","","2081","Elon Musk","176973312","false","https://pbs.twimg.com/profile_banners/44196397/1690621312","https://pbs.twimg.com/profile_images/1683325380441128960/yRsRRjGO_normal.jpg","elonmusk","40099","none","true",,,,,
"1503287788652871680","2022-03-14T08:31:53.000Z","1119908","https://t.co/Gw6xaw1u0N","1503287788652871680","false","false","false","false","https://pbs.twimg.com/media/FNzARriXsAMoSur.jpg","photo",,"23493",,,,,,,,,,,,,,,,,,,,,,,,,,,,,,,,,,,,,"29839",,"133942","https://twitter.com/elonmusk/with_replies","https://twitter.com/elonmusk/status/1503287788652871680",,,,"2009-06-02T20:12:29.000Z","false","","0","45748","176973312","556","true","44196397","false","149046","","2081","Elon Musk","176973312","false","https://pbs.twimg.com/profile_banners/44196397/1690621312","https://pbs.twimg.com/profile_images/1683325380441128960/yRsRRjGO_normal.jpg","elonmusk","40099","none","true",,,,,
"1686050455468621831","2023-07-31T16:25:28.000Z","1130552","I ♥️ Canada https://t.co/95321VIi8r","1686050455468621831","false","false","false","false","https://pbs.twimg.com/media/F2YN81pXMAAjF1e.jpg","photo",,"49963",,,,,,,,,,,,,,,,,,,,,,,,,,,,,,,,,,,,,"71129",,"96937","https://twitter.com/elonmusk/with_replies","https://twitter.com/elonmusk/status/1686050455468621831",,,,"2009-06-02T20:12:29.000Z","false","","0","45748","176973312","556","true","44196397","false","149046","","2081","Elon Musk","176973312","false","https://pbs.twimg.com/profile_banners/44196397/1690621312","https://pbs.twimg.com/profile_images/1683325380441128960/yRsRRjGO_normal.jpg","elonmusk","40099","none","true",,,,,"141186771"
"1520017094007476224","2022-04-29T12:28:10.000Z","1110562","The far left hates everyone, themselves included!","1520017094007476224","false","false","false","false",,,,"16235",,,,,,,,,,,,,,,,,,,,,,,,,,,,,,,,,,,,,"58131",,"112055","https://twitter.com/elonmusk/with_replies","https://twitter.com/elonmusk/status/1520017094007476224",,,,"2009-06-02T20:12:29.000Z","false","","0","45748","176973312","556","true","44196397","false","149046","","2081","Elon Musk","176973312","false","https://pbs.twimg.com/profile_banners/44196397/1690621312","https://pbs.twimg.com/profile_images/1683325380441128960/yRsRRjGO_normal.jpg","elonmusk","40099","none","true",,,,,
"1053390822991790083","2018-10-19T21:01:57.000Z","1079326","Had to been done ur welcome https://t.co/7jT0f9lqIS","1053390822991790083","false","false","false","false","https://pbs.twimg.com/media/Dp5lXiYUUAAngKq.jpg","photo",,"23920",,,,,,,,,,,,,,,,,,,,,,,,,,,,,,,,,,,,,"15355",,"315319","https://twitter.com/elonmusk/with_replies","https://twitter.com/elonmusk/status/1053390822991790083",,,,"2009-06-02T20:12:29.000Z","false","","0","45748","176973312","556","true","44196397","false","149046","","2081","Elon Musk","176973312","false","https://pbs.twimg.com/profile_banners/44196397/1690621312","https://pbs.twimg.com/profile_images/1683325380441128960/yRsRRjGO_normal.jpg","elonmusk","40099","none","true",,,,,
"1695180996696756559","2023-08-25T21:06:59.000Z","1097781","https://t.co/gcSXLMwsua","1695180996696756559","false","false","false","false","https://pbs.twimg.com/media/F4Z-IgdaUAMeT68.jpg","photo",,"4189",,,,,,,,,,,,,,,,,,,,,,,,,,,,,,,,,,,,,"31663",,"47009","https://twitter.com/elonmusk/with_replies","https://twitter.com/elonmusk/status/1695180996696756559",,,,"2009-06-02T20:12:29.000Z","false","","0","45748","176973312","556","true","44196397","false","149046","","2081","Elon Musk","176973312","false","https://pbs.twimg.com/profile_banners/44196397/1690621312","https://pbs.twimg.com/profile_images/1683325380441128960/yRsRRjGO_normal.jpg","elonmusk","40099","none","true",,,,,"85766095"
"1523658010241155073","2022-05-09T13:35:52.000Z","1070432","Chocolate milk is insanely good. Just had some.","1523658010241155073","false","false","false","false",,,,"14112",,,,,,,,,,,,,,,,,,,,,,,,,,,,,,,,,,,,,"67584",,"69224","https://twitter.com/elonmusk/with_replies","https://twitter.com/elonmusk/status/1523658010241155073",,,,"2009-06-02T20:12:29.000Z","false","","0","45748","176973312","556","true","44196397","false","149046","","2081","Elon Musk","176973312","false","https://pbs.twimg.com/profile_banners/44196397/1690621312","https://pbs.twimg.com/profile_images/1683325380441128960/yRsRRjGO_normal.jpg","elonmusk","40099","none","true",,,,,
"1685384125836849153","2023-07-29T20:17:43.000Z","1087495","https://t.co/5YdlVQifRn","1685384125836849153","false","false","false","false","https://pbs.twimg.com/media/F2Ov7dOWcAAylqk.jpg","photo",,"9958",,,,,,,,,,,,,,,,,,,,,,,,,,,,,,,,,,,,,"36714",,"53252","https://twitter.com/elonmusk/with_replies","https://twitter.com/elonmusk/status/1685384125836849153",,,,"2009-06-02T20:12:29.000Z","false","","0","45748","176973312","556","true","44196397","false","149046","","2081","Elon Musk","176973312","false","https://pbs.twimg.com/profile_banners/44196397/1690621312","https://pbs.twimg.com/profile_images/1683325380441128960/yRsRRjGO_normal.jpg","elonmusk","40099","none","true",,,,,"78875541"
"1546344529460174849","2022-07-11T04:04:00.000Z","1069486","https://t.co/JcLMee61wj","1546344529460174849","false","false","false","false","https://pbs.twimg.com/media/FXW4J4xXgAAXFKs.jpg","photo",,"16051",,,,,,,,,,,,,,,,,,,,,,,,,,,,,,,,,,,,,"36009",,"117968","https://twitter.com/elonmusk/with_replies","https://twitter.com/elonmusk/status/1546344529460174849",,,,"2009-06-02T20:12:29.000Z","false","","0","45748","176973312","556","true","44196397","false","149046","","2081","Elon Musk","176973312","false","https://pbs.twimg.com/profile_banners/44196397/1690621312","https://pbs.twimg.com/profile_images/1683325380441128960/yRsRRjGO_normal.jpg","elonmusk","40099","none","true",,,,,
"1511982702819520512","2022-04-07T08:22:22.000Z","1069863","https://t.co/TW2lLQakE5","1511982702819520512","false","false","false","false","https://pbs.twimg.com/media/FPukQSkXEAAtaQb.jpg","photo",,"11307",,,,,,,,,,,,,,,,,,,,,,,,,,,,,,,,,,,,,"31557",,"101042","https://twitter.com/elonmusk/with_replies","https://twitter.com/elonmusk/status/1511982702819520512",,,,"2009-06-02T20:12:29.000Z","false","","0","45748","176973312","556","true","44196397","false","149046","","2081","Elon Musk","176973312","false","https://pbs.twimg.com/profile_banners/44196397/1690621312","https://pbs.twimg.com/profile_images/1683325380441128960/yRsRRjGO_normal.jpg","elonmusk","40099","none","true",,,,,
"1587297137099931649","2022-11-01T04:15:02.000Z","1051498","Halloween with my Mom https://t.co/xOAgNeeiNN","1587297137099931649","false","false","false","false","https://pbs.twimg.com/media/Fgc2U1AXkAA99Ay.jpg","photo",,"6530",,,,,,,,,,,,,,,,,,,,,,,,,,,,,,,,,,,,,"35877",,"43833","https://twitter.com/elonmusk/with_replies","https://twitter.com/elonmusk/status/1587297137099931649",,,,"2009-06-02T20:12:29.000Z","false","","0","45748","176973312","556","true","44196397","false","149046","","2081","Elon Musk","176973312","false","https://pbs.twimg.com/profile_banners/44196397/1690621312","https://pbs.twimg.com/profile_images/1683325380441128960/yRsRRjGO_normal.jpg","elonmusk","40099","none","true",,,,,
"1520650036865949696","2022-05-01T06:23:15.000Z","1040498","Since I’ve been asked a lot:

Buy stock in several companies that make products &amp; services that *you* believe in.

Only sell if you think their products &amp; services are trending worse. Don’t panic when the market does.

This will serve you well in the long-term.","1520650036865949696","false","false","false","false",,,,"8871",,,,,,,,,,,,,,,,,,,,,,,,,,,,,,,,,,,,,"41431",,"101714","https://twitter.com/elonmusk/with_replies","https://twitter.com/elonmusk/status/1520650036865949696",,,,"2009-06-02T20:12:29.000Z","false","","0","45748","176973312","556","true","44196397","false","149046","","2081","Elon Musk","176973312","false","https://pbs.twimg.com/profile_banners/44196397/1690621312","https://pbs.twimg.com/profile_images/1683325380441128960/yRsRRjGO_normal.jpg","elonmusk","40099","none","true",,,,,
"1587627120355934208","2022-11-02T02:06:16.000Z","1030589","To all complainers, please continue complaining, but it will cost $8","1587627120355934208","false","false","false","false",,,,"28756",,,,,,,,,,,,,,,,,,,,,,,,,,,,,,,,,,,,,"75717",,"77978","https://twitter.com/elonmusk/with_replies","https://twitter.com/elonmusk/status/1587627120355934208",,,,"2009-06-02T20:12:29.000Z","false","","0","45748","176973312","556","true","44196397","false","149046","","2081","Elon Musk","176973312","false","https://pbs.twimg.com/profile_banners/44196397/1690621312","https://pbs.twimg.com/profile_images/1683325380441128960/yRsRRjGO_normal.jpg","elonmusk","40099","none","true",,,,,
"1594500655724609536","2022-11-21T01:19:15.000Z","1019256","And lead us not into temptation … https://t.co/8qNOXzwXS9","1594500655724609536","false","false","false","false","https://pbs.twimg.com/media/FiDN441XEAEq5lc.jpg","photo",,"25238",,,,,,,,,,,,,,,,,,,,,,,,,,,,,,,,,,,,,"65892",,"84208","https://twitter.com/elonmusk/with_replies","https://twitter.com/elonmusk/status/1594500655724609536",,,,"2009-06-02T20:12:29.000Z","false","","0","45748","176973312","556","true","44196397","false","149046","","2081","Elon Musk","176973312","false","https://pbs.twimg.com/profile_banners/44196397/1690621312","https://pbs.twimg.com/profile_images/1683325380441128960/yRsRRjGO_normal.jpg","elonmusk","40099","none","true",,,,,
"1524883482836623373","2022-05-12T22:45:27.000Z","1018435","Biden’s mistake is that he thinks he was elected to transform the country, but actually everyone just wanted less drama","1524883482836623373","false","false","false","false",,,,"12813",,,,,,,,,,,,,,,,,,,,,,,,,,,,,,,,,,,,,"57290",,"86716","https://twitter.com/elonmusk/with_replies","https://twitter.com/elonmusk/status/1524883482836623373",,,,"2009-06-02T20:12:29.000Z","false","","0","45748","176973312","556","true","44196397","false","149046","","2081","Elon Musk","176973312","false","https://pbs.twimg.com/profile_banners/44196397/1690621312","https://pbs.twimg.com/profile_images/1683325380441128960/yRsRRjGO_normal.jpg","elonmusk","40099","none","true",,,,,
"1388693126206918658","2021-05-02T03:13:36.000Z","738040","I love Art Deco","1388693126206918658","false","false","false","false",,,,"2928",,,,,,,,,,,,,,,,,,,,,,,,,,,,,,,,,,,,,"23226",,"11532","https://twitter.com/elonmusk/with_replies","https://twitter.com/elonmusk/status/1388693126206918658",,,,"2009-06-02T20:12:29.000Z","false","","0","45748","176973312","556","true","44196397","false","149046","","2081","Elon Musk","176973312","false","https://pbs.twimg.com/profile_banners/44196397/1690621312","https://pbs.twimg.com/profile_images/1683325380441128960/yRsRRjGO_normal.jpg","elonmusk","40099","none","true",,,,,
"1625377144137461761","2023-02-14T06:11:23.000Z","1010588","There are no coincidences https://t.co/92Ny452J9B","1625377144137461761","false","false","false","false","https://pbs.twimg.com/media/Fo5_5eWaMAMEPaf.jpg","photo",,"11036",,,,,,,,,,,,,,,,,,,,,,,,,,,,,,,,,,,,,"24398",,"84564","https://twitter.com/elonmusk/with_replies","https://twitter.com/elonmusk/status/1625377144137461761",,,,"2009-06-02T20:12:29.000Z","false","","0","45748","176973312","556","true","44196397","false","149046","","2081","Elon Musk","176973312","false","https://pbs.twimg.com/profile_banners/44196397/1690621312","https://pbs.twimg.com/profile_images/1683325380441128960/yRsRRjGO_normal.jpg","elonmusk","40099","none","true",,,,,"115752801"
"1587647032457449473","2022-11-02T20:56:27.000Z","1007550","@AOC Your feedback is appreciated, now pay $8","1587911540770222081","false","false","false","false",,,,"16543",,,,,,,,,,,,,,,,,,,,,,,,,,,,,,,,,,,,,"42265","https://twitter.com/AOC/status/1587647032457449473","72863","https://twitter.com/elonmusk/with_replies","https://twitter.com/elonmusk/status/1587911540770222081",,,,"2009-06-02T20:12:29.000Z","false","","0","45748","176973312","556","true","44196397","false","149046","","2081","Elon Musk","176973312","false","https://pbs.twimg.com/profile_banners/44196397/1690621312","https://pbs.twimg.com/profile_images/1683325380441128960/yRsRRjGO_normal.jpg","elonmusk","40099","none","true","138203134","Alexandria Ocasio-Cortez","https://twitter.com/AOC","AOC",
"1748036927821942798","2024-01-18T17:37:35.000Z","991760","So hot rn https://t.co/K4YjoWmS8i","1748036927821942798","false","false","false","false","https://pbs.twimg.com/media/GEJGUgpXQAIAqzg.jpg","photo",,"25543",,,,,,,,,,,,,,,,,,,,,,,,,,,,,,,,,,,,,"57131",,"97130","https://twitter.com/elonmusk/with_replies","https://twitter.com/elonmusk/status/1748036927821942798",,,,"2009-06-02T20:12:29.000Z","false","","0","45748","176973312","556","true","44196397","false","149046","","2081","Elon Musk","176973312","false","https://pbs.twimg.com/profile_banners/44196397/1690621312","https://pbs.twimg.com/profile_images/1683325380441128960/yRsRRjGO_normal.jpg","elonmusk","40099","none","true",,,,,"120055063"
"1608828315581976576","2022-12-30T14:12:15.000Z","963184","https://t.co/v1rrSsdwdg","1608828315581976576","false","false","false","false","https://pbs.twimg.com/media/FlO00p-aYAE5h8J.jpg","photo",,"14900",,,,,,,,,,,,,,,,,,,,,,,,,,,,,,,,,,,,,"55154",,"133290","https://twitter.com/elonmusk/with_replies","https://twitter.com/elonmusk/status/1608828315581976576",,,,"2009-06-02T20:12:29.000Z","false","","0","45748","176973312","556","true","44196397","false","149046","","2081","Elon Musk","176973312","false","https://pbs.twimg.com/profile_banners/44196397/1690621312","https://pbs.twimg.com/profile_images/1683325380441128960/yRsRRjGO_normal.jpg","elonmusk","40099","none","true",,,,,"89325076"
"1587297730631696384","2022-11-01T04:17:24.000Z","950400","😉 https://t.co/eaIYaDRBnu","1587297730631696384","false","false","false","false","https://pbs.twimg.com/media/Fgc23kFXkAEJOas.jpg","photo",,"7647",,,,,,,,,,,,,,,,,,,,,,,,,,,,,,,,,,,,,"33450",,"65738","https://twitter.com/elonmusk/with_replies","https://twitter.com/elonmusk/status/1587297730631696384",,,,"2009-06-02T20:12:29.000Z","false","","0","45748","176973312","556","true","44196397","false","149046","","2081","Elon Musk","176973312","false","https://pbs.twimg.com/profile_banners/44196397/1690621312","https://pbs.twimg.com/profile_images/1683325380441128960/yRsRRjGO_normal.jpg","elonmusk","40099","none","true",,,,,
"1595207476936413187","2022-11-23T00:07:54.000Z","913786","Wasn’t Twitter supposed to die by now or something … ?","1595207476936413187","false","false","false","false",,,,"12134",,,,,,,,,,,,,,,,,,,,,,,,,,,,,,,,,,,,,"63912",,"62715","https://twitter.com/elonmusk/with_replies","https://twitter.com/elonmusk/status/1595207476936413187",,,,"2009-06-02T20:12:29.000Z","false","","0","45748","176973312","556","true","44196397","false","149046","","2081","Elon Musk","176973312","false","https://pbs.twimg.com/profile_banners/44196397/1690621312","https://pbs.twimg.com/profile_images/1683325380441128960/yRsRRjGO_normal.jpg","elonmusk","40099","none","true",,,,,
"1585966869122457600","2022-10-28T12:09:02.000Z","924652","🎶 let the good times roll 🎶","1585966869122457600","false","false","false","false",,,,"7389",,,,,,,,,,,,,,,,,,,,,,,,,,,,,,,,,,,,,"43884",,"80465","https://twitter.com/elonmusk/with_replies","https://twitter.com/elonmusk/status/1585966869122457600",,,,"2009-06-02T20:12:29.000Z","false","","0","45748","176973312","556","true","44196397","false","149046","","2081","Elon Musk","176973312","false","https://pbs.twimg.com/profile_banners/44196397/1690621312","https://pbs.twimg.com/profile_images/1683325380441128960/yRsRRjGO_normal.jpg","elonmusk","40099","none","true",,,,,
"1604650028999405568","2022-12-19T01:29:14.000Z","926726","Those who want power are the ones who least deserve it","1604650028999405568","false","false","false","false",,,,"25273",,,,,,,,,,,,,,,,,,,,,,,,,,,,,,,,,,,,,"86744",,"89926","https://twitter.com/elonmusk/with_replies","https://twitter.com/elonmusk/status/1604650028999405568",,,,"2009-06-02T20:12:29.000Z","false","","0","45748","176973312","556","true","44196397","false","149046","","2081","Elon Musk","176973312","false","https://pbs.twimg.com/profile_banners/44196397/1690621312","https://pbs.twimg.com/profile_images/1683325380441128960/yRsRRjGO_normal.jpg","elonmusk","40099","none","true",,,,,"103900982"
"1683378289031761920","2023-07-24T07:27:14.000Z","912404","Our headquarters tonight https://t.co/GO6yY8R7fO","1683378289031761920","false","false","false","false","https://pbs.twimg.com/media/F1yPk5VXoAA3rGZ.jpg","photo",,"19462",,,,,,,,,,,,,,,,,,,,,,,,,,,,,,,,,,,,,"46306",,"70032","https://twitter.com/elonmusk/with_replies","https://twitter.com/elonmusk/status/1683378289031761920",,,,"2009-06-02T20:12:29.000Z","false","","0","45748","176973312","556","true","44196397","false","149046","","2081","Elon Musk","176973312","false","https://pbs.twimg.com/profile_banners/44196397/1690621312","https://pbs.twimg.com/profile_images/1683325380441128960/yRsRRjGO_normal.jpg","elonmusk","40099","none","true",,,,,"112223496"
"1594131768298315777","2022-11-20T00:53:25.000Z","896686","The people have spoken. 

Trump will be reinstated.

Vox Populi, Vox Dei.","1594131768298315777","false","true","false","false",,,,"38076","1768643781927632801","1593767953706921985","2022-11-19T00:47:45.000Z","782304","Reinstate former President Trump","1593767953706921985","false","false","false","false","72662","205093","208775","https://twitter.com/elonmusk/status/1593767953706921985","2009-06-02T20:12:29.000Z","false","","0","45748","176973312","556","true","44196397","false","149046","","2081","Elon Musk","176973312","false","https://pbs.twimg.com/profile_banners/44196397/1690621312","https://pbs.twimg.com/profile_images/1683325380441128960/yRsRRjGO_normal.jpg","elonmusk","40099","none","true","124309",,"115340","https://twitter.com/elonmusk/with_replies","https://twitter.com/elonmusk/status/1594131768298315777",,,,"2009-06-02T20:12:29.000Z","false","","0","45748","176973312","556","true","44196397","false","149046","","2081","Elon Musk","176973312","false","https://pbs.twimg.com/profile_banners/44196397/1690621312","https://pbs.twimg.com/profile_images/1683325380441128960/yRsRRjGO_normal.jpg","elonmusk","40099","none","true",,,,,
"1593767953706921985","2022-11-19T00:47:45.000Z","782304","Reinstate former President Trump","1593767953706921985","false","false","false","false",,,,"72662",,,,,,,,,,,,,,,,,,,,,,,,,,,,,,,,,,,,,"205093",,"208775","https://twitter.com/elonmusk/with_replies","https://twitter.com/elonmusk/status/1593767953706921985",,,,"2009-06-02T20:12:29.000Z","false","","0","45748","176973312","556","true","44196397","false","149046","","2081","Elon Musk","176973312","false","https://pbs.twimg.com/profile_banners/44196397/1690621312","https://pbs.twimg.com/profile_images/1683325380441128960/yRsRRjGO_normal.jpg","elonmusk","40099","none","true",,,,,
"1707915765977055584","2023-09-30T00:30:24.000Z","899310","Hip-firing my Barrett 50 cal https://t.co/OkNnjWid0r","1707915765977055584","false","false","false","false","https://pbs.twimg.com/amplify_video_thumb/1707915713128914944/img/q-sUodTKcmlVztPw.jpg","video","https://video.twimg.com/amplify_video/1707915713128914944/vid/avc1/320x568/EBkWMqBOIZk_hT7P.mp4?tag=14","11598",,,,,,,,,,,,,,,,,,,,,,,,,,,,,,,,,,,,,"45081",,"66855","https://twitter.com/elonmusk/with_replies","https://twitter.com/elonmusk/status/1707915765977055584",,,,"2009-06-02T20:12:29.000Z","false","","0","45748","176973312","556","true","44196397","false","149046","","2081","Elon Musk","176973312","false","https://pbs.twimg.com/profile_banners/44196397/1690621312","https://pbs.twimg.com/profile_images/1683325380441128960/yRsRRjGO_normal.jpg","elonmusk","40099","none","true",,,,,"93831773"
"1587129795732770824","2022-10-31T17:10:05.000Z","891224","If I had a dollar for every time someone asked me if Trump is coming back on this platform, Twitter would be minting money!","1587129795732770824","false","false","false","false",,,,"6673",,,,,,,,,,,,,,,,,,,,,,,,,,,,,,,,,,,,,"67502",,"53906","https://twitter.com/elonmusk/with_replies","https://twitter.com/elonmusk/status/1587129795732770824",,,,"2009-06-02T20:12:29.000Z","false","","0","45748","176973312","556","true","44196397","false","149046","","2081","Elon Musk","176973312","false","https://pbs.twimg.com/profile_banners/44196397/1690621312","https://pbs.twimg.com/profile_images/1683325380441128960/yRsRRjGO_normal.jpg","elonmusk","40099","none","true",,,,,
"1357236825589432322","2021-02-04T07:57:30.000Z","891989","ur welcome https://t.co/e2KF57KLxb","1357236825589432322","false","false","false","false","https://pbs.twimg.com/media/EtXfpgGWYAEIa7y.jpg","photo",,"17860",,,,,,,,,,,,,,,,,,,,,,,,,,,,,,,,,,,,,"20729",,"126575","https://twitter.com/elonmusk/with_replies","https://twitter.com/elonmusk/status/1357236825589432322",,,,"2009-06-02T20:12:29.000Z","false","","0","45748","176973312","556","true","44196397","false","149046","","2081","Elon Musk","176973312","false","https://pbs.twimg.com/profile_banners/44196397/1690621312","https://pbs.twimg.com/profile_images/1683325380441128960/yRsRRjGO_normal.jpg","elonmusk","40099","none","true",,,,,
"1609254628113420290","2022-12-31T18:26:16.000Z","789504","Sometimes it’s just better to make pizza at home","1609254628113420290","false","false","false","false",,,,"7092",,,,,,,,,,,,,,,,,,,,,,,,,,,,,,,,,,,,,"49736",,"40860","https://twitter.com/elonmusk/with_replies","https://twitter.com/elonmusk/status/1609254628113420290",,,,"2009-06-02T20:12:29.000Z","false","","0","45748","176973312","556","true","44196397","false","149046","","2081","Elon Musk","176973312","false","https://pbs.twimg.com/profile_banners/44196397/1690621312","https://pbs.twimg.com/profile_images/1683325380441128960/yRsRRjGO_normal.jpg","elonmusk","40099","none","true",,,,,"82566922"
"1641858340752875535","2023-03-31T17:41:47.000Z","895611","https://t.co/qviPxhX7n8","1641858340752875535","false","false","false","false","https://pbs.twimg.com/media/FskNdX5WYAkmETe.jpg","photo",,"10244",,,,,,,,,,,,,,,,,,,,,,,,,,,,,,,,,,,,,"48221",,"39496","https://twitter.com/elonmusk/with_replies","https://twitter.com/elonmusk/status/1641858340752875535",,,,"2009-06-02T20:12:29.000Z","false","","0","45748","176973312","556","true","44196397","false","149046","","2081","Elon Musk","176973312","false","https://pbs.twimg.com/profile_banners/44196397/1690621312","https://pbs.twimg.com/profile_images/1683325380441128960/yRsRRjGO_normal.jpg","elonmusk","40099","none","true",,,,,"77936775"
"1718192456838107162","2023-10-28T09:06:18.000Z","886892","Oh the Irany … https://t.co/a1x9hFgJ0Y","1718192456838107162","false","false","false","false","https://pbs.twimg.com/media/F9g-7vCWUAAVbto.jpg","photo",,"13803",,,,,,,,,,,,,,,,,,,,,,,,,,,,,,,,,,,,,"58275",,"130415","https://twitter.com/elonmusk/with_replies","https://twitter.com/elonmusk/status/1718192456838107162",,,,"2009-06-02T20:12:29.000Z","false","","0","45748","176973312","556","true","44196397","false","149046","","2081","Elon Musk","176973312","false","https://pbs.twimg.com/profile_banners/44196397/1690621312","https://pbs.twimg.com/profile_images/1683325380441128960/yRsRRjGO_normal.jpg","elonmusk","40099","none","true",,,,,"110077989"
"1597405399040217088","2022-11-29T01:41:40.000Z","886264","This is a battle for the future of civilization. If free speech is lost even in America, tyranny is all that lies ahead.","1597405399040217088","false","false","false","false",,,,"16735",,,,,,,,,,,,,,,,,,,,,,,,,,,,,,,,,,,,,"81524",,"147909","https://twitter.com/elonmusk/with_replies","https://twitter.com/elonmusk/status/1597405399040217088",,,,"2009-06-02T20:12:29.000Z","false","","0","45748","176973312","556","true","44196397","false","149046","","2081","Elon Musk","176973312","false","https://pbs.twimg.com/profile_banners/44196397/1690621312","https://pbs.twimg.com/profile_images/1683325380441128960/yRsRRjGO_normal.jpg","elonmusk","40099","none","true",,,,,
"1511011921495011328","2022-04-04T16:04:49.000Z","869287","Oh hi lol","1511011921495011328","false","false","false","false",,,,"9828",,,,,,,,,,,,,,,,,,,,,,,,,,,,,,,,,,,,,"63771",,"49369","https://twitter.com/elonmusk/with_replies","https://twitter.com/elonmusk/status/1511011921495011328",,,,"2009-06-02T20:12:29.000Z","false","","0","45748","176973312","556","true","44196397","false","149046","","2081","Elon Musk","176973312","false","https://pbs.twimg.com/profile_banners/44196397/1690621312","https://pbs.twimg.com/profile_images/1683325380441128960/yRsRRjGO_normal.jpg","elonmusk","40099","none","true",,,,,
"1526997132858822658","2022-05-18T18:44:21.000Z","867581","In the past I voted Democrat, because they were (mostly) the kindness party.

But they have become the party of division &amp; hate, so I can no longer support them and will vote Republican.

Now, watch their dirty tricks campaign against me unfold … 🍿","1526997132858822658","false","false","false","false",,,,"33527",,,,,,,,,,,,,,,,,,,,,,,,,,,,,,,,,,,,,"108336",,"144087","https://twitter.com/elonmusk/with_replies","https://twitter.com/elonmusk/status/1526997132858822658",,,,"2009-06-02T20:12:29.000Z","false","","0","45748","176973312","556","true","44196397","false","149046","","2081","Elon Musk","176973312","false","https://pbs.twimg.com/profile_banners/44196397/1690621312","https://pbs.twimg.com/profile_images/1683325380441128960/yRsRRjGO_normal.jpg","elonmusk","40099","none","true",,,,,
"1680423042873278465","2023-07-16T03:44:08.000Z","875106","https://t.co/LCXD4QPsNW","1680423042873278465","false","false","false","false","https://pbs.twimg.com/media/F1IP2Z9WYAA-AR0.jpg","photo",,"7832",,,,,,,,,,,,,,,,,,,,,,,,,,,,,,,,,,,,,"20382",,"74961","https://twitter.com/elonmusk/with_replies","https://twitter.com/elonmusk/status/1680423042873278465",,,,"2009-06-02T20:12:29.000Z","false","","0","45748","176973312","556","true","44196397","false","149046","","2081","Elon Musk","176973312","false","https://pbs.twimg.com/profile_banners/44196397/1690621312","https://pbs.twimg.com/profile_images/1683325380441128960/yRsRRjGO_normal.jpg","elonmusk","40099","none","true",,,,,"96682464"
"1642962756906418176","2023-04-03T18:50:20.000Z","865278","https://t.co/wmN5WxUhfQ","1642962756906418176","false","false","false","false","https://pbs.twimg.com/media/Fsz562paMAAB_nP.jpg","photo",,"15965",,,,,,,,,,,,,,,,,,,,,,,,,,,,,,,,,,,,,"31093",,"77490","https://twitter.com/elonmusk/with_replies","https://twitter.com/elonmusk/status/1642962756906418176",,,,"2009-06-02T20:12:29.000Z","false","","0","45748","176973312","556","true","44196397","false","149046","","2081","Elon Musk","176973312","false","https://pbs.twimg.com/profile_banners/44196397/1690621312","https://pbs.twimg.com/profile_images/1683325380441128960/yRsRRjGO_normal.jpg","elonmusk","40099","none","true",,,,,"77087062"
"1666964082363371520","2023-06-09T00:23:02.000Z","851697","https://t.co/kf7VYDgOra","1666964082363371520","false","false","false","false","https://pbs.twimg.com/media/FyI-_vraEAEfW6O.jpg","photo",,"8159",,,,,,,,,,,,,,,,,,,,,,,,,,,,,,,,,,,,,"20926",,"99006","https://twitter.com/elonmusk/with_replies","https://twitter.com/elonmusk/status/1666964082363371520",,,,"2009-06-02T20:12:29.000Z","false","","0","45748","176973312","556","true","44196397","false","149046","","2081","Elon Musk","176973312","false","https://pbs.twimg.com/profile_banners/44196397/1690621312","https://pbs.twimg.com/profile_images/1683325380441128960/yRsRRjGO_normal.jpg","elonmusk","40099","none","true",,,,,"76017349"
"1618371072486936578","2023-01-25T22:11:46.000Z","864190","Changed my name to Mr. Tweet, now Twitter won’t let me change it back 🤣","1618371072486936578","false","false","false","false",,,,"11341",,,,,,,,,,,,,,,,,,,,,,,,,,,,,,,,,,,,,"59763",,"51529","https://twitter.com/elonmusk/with_replies","https://twitter.com/elonmusk/status/1618371072486936578",,,,"2009-06-02T20:12:29.000Z","false","","0","45748","176973312","556","true","44196397","false","149046","","2081","Elon Musk","176973312","false","https://pbs.twimg.com/profile_banners/44196397/1690621312","https://pbs.twimg.com/profile_images/1683325380441128960/yRsRRjGO_normal.jpg","elonmusk","40099","none","true",,,,,"82632643"
"1514564966564651008","2022-04-14T11:23:21.000Z","851419","I made an offer 
https://t.co/VvreuPMeLu","1514564966564651008","false","false","false","false",,,,"29495",,,,,,,,,,,,,,,,,,,,,,,,,,,,,,,,,,,,,"74379",,"99016","https://twitter.com/elonmusk/with_replies","https://twitter.com/elonmusk/status/1514564966564651008","sec.gov/Archives/edgar…","https://www.sec.gov/Archives/edgar/data/0001418091/000110465922045641/tm2212748d1_sc13da.htm","https://t.co/VvreuPMeLu","2009-06-02T20:12:29.000Z","false","","0","45748","176973312","556","true","44196397","false","149046","","2081","Elon Musk","176973312","false","https://pbs.twimg.com/profile_banners/44196397/1690621312","https://pbs.twimg.com/profile_images/1683325380441128960/yRsRRjGO_normal.jpg","elonmusk","40099","none","true",,,,,
"1708629197617336398","2023-10-01T23:45:20.000Z","855979","https://t.co/W9i9YEM8uA","1708629197617336398","false","false","false","false","https://pbs.twimg.com/media/F7ZFMvEWAAAVxVh.jpg","photo",,"9701",,,,,,,,,,,,,,,,,,,,,,,,,,,,,,,,,,,,,"57201",,"79660","https://twitter.com/elonmusk/with_replies","https://twitter.com/elonmusk/status/1708629197617336398",,,,"2009-06-02T20:12:29.000Z","false","","0","45748","176973312","556","true","44196397","false","149046","","2081","Elon Musk","176973312","false","https://pbs.twimg.com/profile_banners/44196397/1690621312","https://pbs.twimg.com/profile_images/1683325380441128960/yRsRRjGO_normal.jpg","elonmusk","40099","none","true",,,,,"94678434"
"1688022163574439937","2023-08-06T03:00:20.000Z","862177","If you were unfairly treated by your employer due to posting or liking something on this platform, we will fund your legal bill.

No limit. 

Please let us know.","1688022163574439937","false","false","false","false",,,,"28166",,,,,,,,,,,,,,,,,,,,,,,,,,,,,,,,,,,,,"45723",,"143999","https://twitter.com/elonmusk/with_replies","https://twitter.com/elonmusk/status/1688022163574439937",,,,"2009-06-02T20:12:29.000Z","false","","0","45748","176973312","556","true","44196397","false","149046","","2081","Elon Musk","176973312","false","https://pbs.twimg.com/profile_banners/44196397/1690621312","https://pbs.twimg.com/profile_images/1683325380441128960/yRsRRjGO_normal.jpg","elonmusk","40099","none","true",,,,,"142088459"
"1559690651687608321","2022-08-17T00:01:46.000Z","834250","Also, I’m buying Manchester United ur welcome","1559691922725281800","false","false","false","false",,,,"51519",,,,,,,,,,,,,,,,,,,,,,,,,,,,,,,,,,,,,"53734","https://twitter.com/elonmusk/status/1559690651687608321","110414","https://twitter.com/elonmusk/with_replies","https://twitter.com/elonmusk/status/1559691922725281800",,,,"2009-06-02T20:12:29.000Z","false","","0","45748","176973312","556","true","44196397","false","149046","","2081","Elon Musk","176973312","false","https://pbs.twimg.com/profile_banners/44196397/1690621312","https://pbs.twimg.com/profile_images/1683325380441128960/yRsRRjGO_normal.jpg","elonmusk","40099","none","true",,,,,
"1597165510595989504","2022-11-28T09:48:26.000Z","833330","My bedside table https://t.co/sIdRYJcLTK","1597165510595989504","false","false","false","false","https://pbs.twimg.com/media/FipFkIsVsAAM0O_.jpg","photo",,"27501",,,,,,,,,,,,,,,,,,,,,,,,,,,,,,,,,,,,,"83483",,"52306","https://twitter.com/elonmusk/with_replies","https://twitter.com/elonmusk/status/1597165510595989504",,,,"2009-06-02T20:12:29.000Z","false","","0","45748","176973312","556","true","44196397","false","149046","","2081","Elon Musk","176973312","false","https://pbs.twimg.com/profile_banners/44196397/1690621312","https://pbs.twimg.com/profile_images/1683325380441128960/yRsRRjGO_normal.jpg","elonmusk","40099","none","true",,,,,
"1347978218494513152","2021-01-09T18:47:06.000Z","828879","My 14-year-old son, Saxon, said he feels like 2021 will be a good year. I agree. Let us all make it so.","1347978218494513152","false","false","false","false",,,,"10282",,,,,,,,,,,,,,,,,,,,,,,,,,,,,,,,,,,,,"25205",,"56338","https://twitter.com/elonmusk/with_replies","https://twitter.com/elonmusk/status/1347978218494513152",,,,"2009-06-02T20:12:29.000Z","false","","0","45748","176973312","556","true","44196397","false","149046","","2081","Elon Musk","176973312","false","https://pbs.twimg.com/profile_banners/44196397/1690621312","https://pbs.twimg.com/profile_images/1683325380441128960/yRsRRjGO_normal.jpg","elonmusk","40099","none","true",,,,,
"1707333422786478091","2023-09-28T09:56:23.000Z","831875","https://t.co/IMZ2Rv9Cpw","1707333422786478091","false","false","false","false","https://pbs.twimg.com/media/F7Gqr8iXYAAw_A1.jpg","photo",,"3938",,,,,,,,,,,,,,,,,,,,,,,,,,,,,,,,,,,,,"14359",,"88525","https://twitter.com/elonmusk/with_replies","https://twitter.com/elonmusk/status/1707333422786478091",,,,"2009-06-02T20:12:29.000Z","false","","0","45748","176973312","556","true","44196397","false","149046","","2081","Elon Musk","176973312","false","https://pbs.twimg.com/profile_banners/44196397/1690621312","https://pbs.twimg.com/profile_images/1683325380441128960/yRsRRjGO_normal.jpg","elonmusk","40099","none","true",,,,,"54348688"
"1517215066550116354","2022-04-21T18:53:55.000Z","819654","If our twitter bid succeeds, we will defeat the spam bots or die trying!","1517215066550116354","false","false","false","false",,,,"12729",,,,,,,,,,,,,,,,,,,,,,,,,,,,,,,,,,,,,"31903",,"68255","https://twitter.com/elonmusk/with_replies","https://twitter.com/elonmusk/status/1517215066550116354",,,,"2009-06-02T20:12:29.000Z","false","","0","45748","176973312","556","true","44196397","false","149046","","2081","Elon Musk","176973312","false","https://pbs.twimg.com/profile_banners/44196397/1690621312","https://pbs.twimg.com/profile_images/1683325380441128960/yRsRRjGO_normal.jpg","elonmusk","40099","none","true",,,,,
"1690743970450620416","2023-08-13T15:15:49.000Z","820690","https://t.co/r80KZl05Zk","1690743970450620416","false","false","false","false","https://pbs.twimg.com/media/F3a6rhwXgAAP11-.jpg","photo",,"5738",,,,,,,,,,,,,,,,,,,,,,,,,,,,,,,,,,,,,"35254",,"52969","https://twitter.com/elonmusk/with_replies","https://twitter.com/elonmusk/status/1690743970450620416",,,,"2009-06-02T20:12:29.000Z","false","","0","45748","176973312","556","true","44196397","false","149046","","2081","Elon Musk","176973312","false","https://pbs.twimg.com/profile_banners/44196397/1690621312","https://pbs.twimg.com/profile_images/1683325380441128960/yRsRRjGO_normal.jpg","elonmusk","40099","none","true",,,,,"97257764"
"1686058966705487875","2023-07-31T16:59:17.000Z","823750","Wow, I’m glad so many people love Canada too 🤗 https://t.co/5oOL05zawB","1686058966705487875","false","false","false","false","https://pbs.twimg.com/media/F2YVsVIXwBMdxRO.jpg","photo",,"7951",,,,,,,,,,,,,,,,,,,,,,,,,,,,,,,,,,,,,"34232",,"41964","https://twitter.com/elonmusk/with_replies","https://twitter.com/elonmusk/status/1686058966705487875",,,,"2009-06-02T20:12:29.000Z","false","","0","45748","176973312","556","true","44196397","false","149046","","2081","Elon Musk","176973312","false","https://pbs.twimg.com/profile_banners/44196397/1690621312","https://pbs.twimg.com/profile_images/1683325380441128960/yRsRRjGO_normal.jpg","elonmusk","40099","none","true",,,,,"68403110"
"1649052609590992901","2023-04-20T14:09:14.000Z","819486","https://t.co/vX3M7B3J1G","1649052609590992901","false","false","false","false","https://pbs.twimg.com/ext_tw_video_thumb/1649047801446400000/pu/img/e2X_U3_Ti1mhf0fD.jpg","video","https://video.twimg.com/ext_tw_video/1649047801446400000/pu/vid/540x634/iek2j2lOnDvsuctV.mp4?tag=12","9202",,,,,,,,,,,,,,,,,,,,,,,,,,,,,,,,,,,,,"39013",,"71613","https://twitter.com/elonmusk/with_replies","https://twitter.com/elonmusk/status/1649052609590992901",,,,"2009-06-02T20:12:29.000Z","false","","0","45748","176973312","556","true","44196397","false","149046","","2081","Elon Musk","176973312","false","https://pbs.twimg.com/profile_banners/44196397/1690621312","https://pbs.twimg.com/profile_images/1683325380441128960/yRsRRjGO_normal.jpg","elonmusk","40099","none","true",,,,,"96174716"
"1374617643446063105","2021-03-24T07:02:40.000Z","803342","You can now buy a Tesla with Bitcoin","1374617643446063105","false","false","false","false",,,,"21500",,,,,,,,,,,,,,,,,,,,,,,,,,,,,,,,,,,,,"31820",,"99025","https://twitter.com/elonmusk/with_replies","https://twitter.com/elonmusk/status/1374617643446063105",,,,"2009-06-02T20:12:29.000Z","false","","0","45748","176973312","556","true","44196397","false","149046","","2081","Elon Musk","176973312","false","https://pbs.twimg.com/profile_banners/44196397/1690621312","https://pbs.twimg.com/profile_images/1683325380441128960/yRsRRjGO_normal.jpg","elonmusk","40099","none","true",,,,,
"1662654838398697472","2023-05-28T02:59:38.000Z","804138","Sorry this app takes up so much space https://t.co/bCCfcOhNJt","1662654838398697472","false","false","false","false","https://pbs.twimg.com/media/FxLvvm1XoAEkCaK.jpg","photo",,"13736",,,,,,,,,,,,,,,,,,,,,,,,,,,,,,,,,,,,,"46981",,"60448","https://twitter.com/elonmusk/with_replies","https://twitter.com/elonmusk/status/1662654838398697472",,,,"2009-06-02T20:12:29.000Z","false","","0","45748","176973312","556","true","44196397","false","149046","","2081","Elon Musk","176973312","false","https://pbs.twimg.com/profile_banners/44196397/1690621312","https://pbs.twimg.com/profile_images/1683325380441128960/yRsRRjGO_normal.jpg","elonmusk","40099","none","true",,,,,"105704892"
"1672582593638957056","2023-06-24T12:29:00.000Z","806393","Don’t even trust nobody https://t.co/VHa1zVGI71","1672582593638957056","false","false","false","false","https://pbs.twimg.com/media/FzY0_SvaIAAb9Xr.jpg","photo",,"4442",,,,,,,,,,,,,,,,,,,,,,,,,,,,,,,,,,,,,"21304",,"68724","https://twitter.com/elonmusk/with_replies","https://twitter.com/elonmusk/status/1672582593638957056",,,,"2009-06-02T20:12:29.000Z","false","","0","45748","176973312","556","true","44196397","false","149046","","2081","Elon Musk","176973312","false","https://pbs.twimg.com/profile_banners/44196397/1690621312","https://pbs.twimg.com/profile_images/1683325380441128960/yRsRRjGO_normal.jpg","elonmusk","40099","none","true",,,,,"70227777"
"1349286488618491904","2021-01-13T09:25:42.000Z","792390","Legalize comedy","1349286488618491904","false","false","false","false",,,,"8062",,,,,,,,,,,,,,,,,,,,,,,,,,,,,,,,,,,,,"15574",,"74122","https://twitter.com/elonmusk/with_replies","https://twitter.com/elonmusk/status/1349286488618491904",,,,"2009-06-02T20:12:29.000Z","false","","0","45748","176973312","556","true","44196397","false","149046","","2081","Elon Musk","176973312","false","https://pbs.twimg.com/profile_banners/44196397/1690621312","https://pbs.twimg.com/profile_images/1683325380441128960/yRsRRjGO_normal.jpg","elonmusk","40099","none","true",,,,,
"1694134236440101055","2023-08-22T23:47:32.000Z","809247","https://t.co/4Rg5utEQVa","1694134236440101055","false","false","false","false","https://pbs.twimg.com/media/F4LGGy2XEAA6V2D.jpg","photo",,"2105",,,,,,,,,,,,,,,,,,,,,,,,,,,,,,,,,,,,,"18063",,"43699","https://twitter.com/elonmusk/with_replies","https://twitter.com/elonmusk/status/1694134236440101055",,,,"2009-06-02T20:12:29.000Z","false","","0","45748","176973312","556","true","44196397","false","149046","","2081","Elon Musk","176973312","false","https://pbs.twimg.com/profile_banners/44196397/1690621312","https://pbs.twimg.com/profile_images/1683325380441128960/yRsRRjGO_normal.jpg","elonmusk","40099","none","true",,,,,"67489838"
"1519020176884305920","2022-04-26T19:33:33.000Z","790993","By “free speech”, I simply mean that which matches the law. 

I am against censorship that goes far beyond the law. 

If people want less free speech, they will ask government to pass laws to that effect.

Therefore, going beyond the law is contrary to the will of the people.","1519036983137509376","false","false","false","false",,,,"16016",,,,,,,,,,,,,,,,,,,,,,,,,,,,,,,,,,,,,"57160","https://twitter.com/elonmusk/status/1519020176884305920","83719","https://twitter.com/elonmusk/with_replies","https://twitter.com/elonmusk/status/1519036983137509376",,,,"2009-06-02T20:12:29.000Z","false","","0","45748","176973312","556","true","44196397","false","149046","","2081","Elon Musk","176973312","false","https://pbs.twimg.com/profile_banners/44196397/1690621312","https://pbs.twimg.com/profile_images/1683325380441128960/yRsRRjGO_normal.jpg","elonmusk","40099","none","true",,,,,
"1597336812732575744","2022-11-28T21:09:07.000Z","794752","The Twitter Files on free speech suppression soon to be published on Twitter itself. The public deserves to know what really happened …","1597336812732575744","false","false","false","false",,,,"14450",,,,,,,,,,,,,,,,,,,,,,,,,,,,,,,,,,,,,"44712",,"118820","https://twitter.com/elonmusk/with_replies","https://twitter.com/elonmusk/status/1597336812732575744",,,,"2009-06-02T20:12:29.000Z","false","","0","45748","176973312","556","true","44196397","false","149046","","2081","Elon Musk","176973312","false","https://pbs.twimg.com/profile_banners/44196397/1690621312","https://pbs.twimg.com/profile_images/1683325380441128960/yRsRRjGO_normal.jpg","elonmusk","40099","none","true",,,,,
"1690164670441586688","2023-08-12T00:53:53.000Z","784695","Practicing martial arts with my sparring partner https://t.co/bifsH2Mejs","1690164670441586688","false","false","false","false","https://pbs.twimg.com/media/F3SrzzoXcAAxNVK.jpg","photo",,"1945",,,,,,,,,,,,,,,,,,,,,,,,,,,,,,,,,,,,,"19993",,"32449","https://twitter.com/elonmusk/with_replies","https://twitter.com/elonmusk/status/1690164670441586688",,,,"2009-06-02T20:12:29.000Z","false","","0","45748","176973312","556","true","44196397","false","149046","","2081","Elon Musk","176973312","false","https://pbs.twimg.com/profile_banners/44196397/1690621312","https://pbs.twimg.com/profile_images/1683325380441128960/yRsRRjGO_normal.jpg","elonmusk","40099","none","true",,,,,"58082642"
"1707185741690806519","2023-09-28T00:09:33.000Z","778105","I mean 🤷‍♂️ https://t.co/Nc0GKtUbDy","1707185741690806519","false","false","false","false","https://pbs.twimg.com/media/F7EkYW3X0AAW_VH.jpg","photo",,"8853",,,,,,,,,,,,,,,,,,,,,,,,,,,,,,,,,,,,,"22711",,"65043","https://twitter.com/elonmusk/with_replies","https://twitter.com/elonmusk/status/1707185741690806519",,,,"2009-06-02T20:12:29.000Z","false","","0","45748","176973312","556","true","44196397","false","149046","","2081","Elon Musk","176973312","false","https://pbs.twimg.com/profile_banners/44196397/1690621312","https://pbs.twimg.com/profile_images/1683325380441128960/yRsRRjGO_normal.jpg","elonmusk","40099","none","true",,,,,"66589764"
"1707565081750290910","2023-09-29T01:16:55.000Z","776883","Went to the Eagle Pass border crossing to see what’s really going on https://t.co/ADYY2XvAKT","1707565081750290910","false","false","false","false","https://pbs.twimg.com/amplify_video_thumb/1707564383037988864/img/ipH5e05Vc3vD2K8o.jpg","video","https://video.twimg.com/amplify_video/1707564383037988864/vid/avc1/720x1280/_hvdX3QYhDwo1fkW.mp4?tag=14","12721",,,,,,,,,,,,,,,,,,,,,,,,,,,,,,,,,,,,,"47751",,"131718","https://twitter.com/elonmusk/with_replies","https://twitter.com/elonmusk/status/1707565081750290910",,,,"2009-06-02T20:12:29.000Z","false","","0","45748","176973312","556","true","44196397","false","149046","","2081","Elon Musk","176973312","false","https://pbs.twimg.com/profile_banners/44196397/1690621312","https://pbs.twimg.com/profile_images/1683325380441128960/yRsRRjGO_normal.jpg","elonmusk","40099","none","true",,,,,"110572719"
